Workbook
Name _Order1: 0
Name FID_1: [1]AGR_Fuels!$A$2

Sheet BALANCE
B2: * Energy Balance / Bilans energii
B5: Table 1: Simple energy balance of Sardinia energy system in 2023
B6: Type of generating unit | C6: Generation unit type | D6: Moc osiągalna elektryczna netto | E6: Produkcja energii elektrycznej netto | F6: Produkcja ciepła netto | G6: Zużycie paliwa | H6: Średnia wartość opałowa | I6: Zużycie paliwa | J6: Średnia wartość opałowa
D7: Net Electric Power | E7: Net electricity generation | F7: Net heat generation | G7: Fuel used | H7: Average lower heating valuee | I7: Fuel used | J7: Average lower heating valuee
D8: MW | E8: GWh | F8: TJ | G8: kt | H8: kJ/kg | I8: mln m3 | J8: kJ/m3
B9: Hard coal-fired power plant1 | C9: Hard coal fired Electricity only power plant | D9: 600 | E9: 4500 | F9: 0 | G9: 1790 | H9: 23500
B10: Oil waste power plant1 | C10: Syngas fired Electicity only power plant | D10: 550 | E10: 4100 | F10: 0 | G10: 2450 | H10: 11000
B11: Biomass power plant1 | C11: Biomass fired Heat only plants | D11: 74 | E11: 247 | F11: 0 | G11: 3500 | H11: 11000
B12: Hidro | C12: Hidro pump only power plant | D12: 240 | E12: 123 | F12: 0 | G12: 0
B13: Hidro_Run | C13: Hidro run of river | D13: 70 | E13: 50 | F13: 0 | G13: 0
B14: Wind On Shore power plants | C14: Onshore Wind Turbines | D14: 1890 | E14: 2770 | F14: 0 | G14: 0
B15: Solar power plants | C15: Large Scale Photovoltaics | D15: 1540 | E15: 1910 | F15: 0 | G15: 0
B16: Together | C16: Total | D16: =SUM(D9:D15) -> 4964 | E16: =SUM(E9:E15) -> 13700 | F16: =SUM(F9:F15) -> 0 | G16: =SUM(G9:G15) -> 7740
B17: Source:
B18: 1) energy balance Sardinia Region
B19: 2) study based on data from Terna, the minister's oil bulletins, Istat and the GSE and RSE report (2023)
B20: 3) EUROSTAT NRG_BAL, NRG_BAL_PEH.
B23: * Transmission & Distribution Losses / Straty przesyłu i dystrybucji
B25: Tabela 2: Efficiency of Transmission and distribution of energy carriers in 2020
B26: Tabela 2: Sprawności przesyłu i transformacji nośników energii w sieci w 2020 r.
B27: Energy | C27: Energy carrier | D27: Przesył i transformacja | E27: Sprawność
D28: Transmission and distribution | E28: Efficiency
B29: Energia elektryczna | C29: Electricity | D29: WN-WN | HV-HV | E29: 0.985
B30: Energia elektryczna | C30: Electricity | D30: WN-SN | HV-MV | E30: 0.953
B31: Energia elektryczna | C31: Electricity | D31: SN-nn | MV-LV | E31: 0.898
B37: * Final Energy Demand / Popyt na energię finalną
B39: Table 3: Final energy demand in 2023
B41: Nośnik energii | C41: Energy carrier | D41: Jednostka | E41: Zapotrzebowanie końcowe
D42: Unit | E42: Final energy demand
B43: Energia elektryczna | C43: Electricity | D43: [TWh] | E43: =SUM(E9:E15)*E29/1000 -> 13.4945
B44: Source / Źródło:
B45: 1) opracowanie własne na podstawie "Statystyka Elektroenergetyki Polskiej 2020" - Ministerstwo Klimatu i Środowiska, Agencja Rynku Energii S.A., Warszawa 2021.
B46: 2) opracowanie własne na podstawie "Energetyka Cieplna w Liczbach 2021" - Urząd Regulacji Energetyki, Warszawa 2022.

Sheet TOPOLOGY

Sheet SEC_Comm
B2: Define Commodities
B4: ~FI_Comm
B5: Csets | C5: CommName | D5: CommDesc | E5: Unit | F5: LimType | G5: CTSLvl | H5: PeakTS | I5: Ctype
B6: \I: Commodity Set | C6: Commodity Name | D6: Commodity Description | E6: Unit | F6: Sense of Balance Equation | G6: TimeSlice Level | H6: Peak Monitoring | I6: Electricity Indicator (for CHPs)
B7: NRG | C7: ELEC_HV | D7: High Voltage Electricity (>110 kV) | E7: PJ | G7: DAYNITE | H7: ANNUAL | I7: ELC
B8: ENV | C8: CO2 | D8: Carbon Dioxide Emission | E8: kt | H8: ANNUAL
B9: \I:
B12: Copy from SUP
B14: No tag - won't be read by Veda
B15: Csets | C15: CommName | D15: CommDesc | E15: Unit | F15: LimType | G15: CTSLvl | H15: PeakTS | I15: Ctype
B16: \I: Commodity Set | C16: Commodity Name | D16: Commodity Description | E16: Unit | F16: Sense of Balance Equation | G16: TimeSlice Level | H16: Peak Monitoring | I16: Electricity Indicator (for CHPs)
B17: NRG | C17: SOLID | D17: Solid Fuels | E17: PJ
B18: NRG | C18: CRUDE_OIL | D18: Oil | E18: PJ
B19: NRG | C19: OILGAS | D19: Syngas_Res | E19: PJ
B20: NRG | C20: DIESEL | D20: Diesel | E20: PJ
B21: NRG | C21: GASOLINE | D21: Gasoline | E21: PJ
B22: NRG | C22: OGL | D22: OilGasLiquid | E22: PJ
B23: NRG | C23: FUEL_OIL | D23: FUEL_OIL | E23: PJ
B24: NRG | C24: Jet_Fuel | D24: Jet Fuel | E24: PJ
B25: NRG | C25: Lubricants | D25: Lubricants | E25: PJ
B26: NRG | C26: Bitumen | D26: Bitumen | E26: PJ
B27: NRG | C27: Ethy_and_Prop | D27: Ethy and Prop | E27: PJ
B28: NRG | C28: NLG | D28: Natural Liquid Gas | E28: PJ
... B38: NRG | C38: OTHER | D38: OTHER | E38: PJ
B42: Available Commodity Sets
B43: NRG | C43: Energy
B44: ENV | C44: Emission
B45: DEM | C45: Demand
B46: MAT | C46: Material
B47: FIN | C47: Financial

Sheet SEC_Processes
B2: Define Processes
B4: ~FI_Process
B5: Sets | C5: Region | D5: TechName | E5: TechDesc | F5: Tact | G5: Tcap | H5: Tslvl | I5: PrimaryCG | J5: Vintage
B6: \I: Process Set | C6: Region Name | D6: Technology Name | E6: Technology Description | F6: Activity Unit | G6: Capacity Unit | H6: TimeSlice Level | I6: Primary Commodity Group | J6: Vintage Tracking
B7: \I: | C7: SAR | D7: MIN_EX_WIND-ON | E7: Wind-On Energy Mine | F7: PJ | G7: GW | H7: ANNUAL
B8: \I: | C8: SAR | D8: MIN_EX_PV | E8: Solar Energy Mine | F8: PJ | G8: GW | H8: ANNUAL
B9: \I:
B10: ELE | C10: SAR | D10: ELE_EX_WIND-ON | E10: Existing Onshore Wind Turbines | F10: PJ | G10: GW | H10: DAYNITE
B11: ELE | C11: SAR | D11: ELE_EX_PV | E11: Existing autoproducer PV Elecrticity | F11: PJ | G11: GW | H11: DAYNITE
B12: ELE | C12: SAR | D12: ELE_EX_IGCC_NLG | E12: Existing GNL Power Plant | F12: PJ | G12: GW | H12: DAYNITE
B13: ELE | C13: SAR | D13: ELE_EX_OILGAS | E13: Existing Syngas Power Plant | F13: PJ | G13: GW | H13: DAYNITE
B17: Available Process Sets
B18: ELE | C18: Power Plant (Electricity Only)
B19: CHP | C19: Combined Heat & Power Plant
B20: STG | C20: Timeslice Storage
B21: PRE | C21: Generic Process
B22: DMD | C22: Demand Process | D22: Shoud have commodity of type DEM on Output
B23: IMP | C23: Import | D23: Commodity only at Output
B24: EXP | C24: Eksport | D24: Commodity only at Input
B25: MIN | C25: Mining | D25: Commodity only at Output
B26: HPL | C26: Heat Only Plant

Sheet PP
B2: Power Plants
E4: ~FI_T
B5: TechName | C5: * TechDesc | D5: Comm-IN | E5: Comm-OUT | F5: EFF | G5: CAP2ACT | H5: STOCK~2023 | I5: STOCK~2025 | J5: STOCK~2030 | K5: STOCK~2035 | L5: STOCK~2040 | M5: STOCK~2045 | N5: STOCK~2050 | O5: PEAK | P5: AFA~2023~FX | Q5: AFA~2025 | R5: FIXOM | S5: VAROM
B6: \I: Technology Name | C6: Technology Description | D6: Commodity Input | E6: Commodity Output | F6: Efficiency | G6: Capacity to Activity Factor | H6: Installed Capacity [GW] | O6: Peak EQ Factor | P6: Annual Availability Factor | Q6: Annual Availability Factor | R6: Fixed O&M Costs [EUR/kW] | S6: Variable O&M Costs [EUR/GJ]
B7: =SEC_Processes!D12 -> ELE_EX_IGCC_NLG | C7: =SEC_Processes!E12 -> Existing GNL Power Plant | D7: =SEC_Comm!C28 -> NLG | E7: =SEC_Comm!C7 -> ELEC_HV | F7: 0.55 | G7: 31.536 | H7: =BALANCE!D9/1000 -> 0.6 | I7: =H7 -> 0.6 | J7: 0.6 | K7: 0.6 | L7: 0.6 | M7: 0.6 | N7: 0.6 | O7: 1 | P7: 0.85 | Q7: 0.85 | R7: 60 | S7: 4.5
B8: =SEC_Processes!D13 -> ELE_EX_OILGAS | C8: =SEC_Processes!E13 -> Existing Syngas Power Plant | D8: =SEC_Comm!C19 -> OILGAS | E8: =SEC_Comm!C7 -> ELEC_HV | F8: 0.5 | G8: 31.536 | H8: =BALANCE!D10/1000 -> 0.55 | I8: =H8 -> 0.55 | J8: 0.55 | K8: 0.55 | L8: 0.55 | M8: 0.55 | N8: 0.55 | O8: 1 | P8: 0.8 | Q8: 0.8 | R8: 60 | S8: 3
B12: Alternative Syntax - one process
B15: TechName | C15: * TechDesc | D15: Comm-IN | E15: Comm-OUT | F15: EFF | G15: CAP2ACT | H15: Year | I15: LimType | J15: STOCK | K15: PEAK | L15: AFA | M15: AFA | N15: FIXOM | O15: VAROM
B16: \I: Technology Name | C16: Technology Description | D16: Commodity Input | E16: Commodity Output | F16: Efficiency | G16: Capacity to Activity Factor | H16: Year | I16: Limit type [(in)equality sing] | J16: Installed Capacity [GW] | K16: Peak EQ Factor | L16: Annual Availability Factor | M16: Annual Availability Factor | N16: Fixed O&M Costs [PLN/kW] | O16: Variable O&M Costs [PLN/GJ]
B17: =SEC_Processes!D12 -> ELE_EX_IGCC_NLG | C17: =SEC_Processes!E12 -> Existing GNL Power Plant | D17: =SEC_Comm!C28 -> NLG | E17: =SEC_Comm!D7 -> High Voltage Electricity (>110 kV) | F17: 0.55 | G17: 31.536 | K17: 1 | M17: 0.85 | N17: 60 | O17: 5
H18: 2023 | I18: FX | J18: 0.6 | L18: 0.85
H19: 2024 | I19: FX | J19: 0.6 | L19: 0.85
H20: 2025 | I20: FX | J20: 0.6 | L20: 0.85
H21: 2030 | I21: FX | J21: 0.6 | L21: 0.85
H22: 2035 | I22: FX | J22: 0.6 | L22: 0.85
H23: 2040 | I23: FX | J23: 0.6 | L23: 0.85
H24: 2045 | I24: FX | J24: 0.6 | L24: 0.85
H25: 2050 | I25: FX | J25: 0.6 | L25: 0.85
E26: =SEC_Comm!C8 -> CO2
B27: =SEC_Processes!D13 -> ELE_EX_OILGAS | C27: =SEC_Processes!E13 -> Existing Syngas Power Plant | D27: =SEC_Comm!C19 -> OILGAS | E27: =SEC_Comm!D7 -> High Voltage Electricity (>110 kV) | F27: 0.5 | G27: 31.536 | K27: 1 | M27: 0.8 | N27: 60 | O27: 5
H28: 2023 | I28: FX | J28: 0.55 | L28: 0.8
H29: 2024 | I29: FX | J29: 0.55 | L29: 0.8
H30: 2025 | I30: FX | J30: 0.55 | L30: 0.8
H31: 2030 | J31: 0.55 | L31: 0.8
H32: 2035 | J32: 0.55 | L32: 0.8
H33: 2040 | J33: 0.55 | L33: 0.8
H34: 2045 | J34: 0.55 | L34: 0.8
H35: 2050 | J35: 0.55 | L35: 0.8
E36: =SEC_Comm!C8 -> CO2

Sheet RES
B2: Renewable Energy Sources
E4: ~FI_T
B5: TechName | C5: *TechDesc | D5: Comm-IN | E5: Comm-OUT | F5: EFF | G5: CAP2ACT | H5: STOCK~2030 | I5: STOCK~2035 | J5: STOCK~2040 | K5: STOCK~2045 | L5: STOCK~2050 | M5: PEAK | N5: AFA | O5: FIXOM | P5: VAROM
B6: \I: Technology Name | C6: Technology Description | D6: Commodity Input | E6: Commodity Output | F6: Efficiency | G6: Capacity to Activity Factor | M6: Peak EQ Factor | N6: Annual Availability Factor | O6: Fixed O&M Costs [EUR/kW] | P6: Variable O&M Costs [EUR/GJ]
B7: =SEC_Processes!D10 -> ELE_EX_WIND-ON | C7: =SEC_Processes!E10 -> Existing Onshore Wind Turbines | D7: WIND-ON | E7: =SEC_Comm!C7 -> ELEC_HV | F7: 1 | G7: 31.536 | H7: 1.4 | I7: 1.4 | J7: 1.4 | K7: 1.4 | L7: 1.4 | M7: 0.05 | N7: 1 | O7: 30 | P7: 0.001
B8: =SEC_Processes!D11 -> ELE_EX_PV | C8: =SEC_Processes!E11 -> Existing autoproducer PV Elecrticity | D8: SOLAR | E8: =SEC_Comm!C7 -> ELEC_HV | F8: 1 | G8: 31.536 | H8: 4.3 | I8: 4.3 | J8: 4.3 | K8: 4.3 | L8: 4.3 | M8: 0.05 | N8: 1 | O8: 15 | P8: 0
B15: No tag - won't be read by Veda
B16: Csets | C16: CommName | D16: CommDesc | E16: Unit | F16: LimType | G16: CTSLvl
B17: \I: Commodity Set | C17: Commodity Name | D17: Commodity Description | E17: Unit | F17: Sense of Balance Equation | G17: TimeSlice Level
B18: NRG | C18: SOLID | D18: Solid Fuels | E18: PJ
B19: NRG | C19: CRUDE_OIL | D19: Oil | E19: PJ
B20: NRG | C20: OILGAS | D20: Syngas_Res | E20: PJ
B21: NRG | C21: DIESEL | D21: Diesel | E21: PJ
B22: NRG | C22: GASOLINE | D22: Gasoline | E22: PJ
B23: NRG | C23: OGL | D23: OilGasLiquid | E23: PJ
B24: NRG | C24: FUEL_OIL | D24: FUEL_OIL | E24: PJ
B25: NRG | C25: Jet_Fuel | D25: Jet Fuel | E25: PJ
B26: NRG | C26: Lubricants | D26: Lubricants | E26: PJ
B27: NRG | C27: Bitumen | D27: Bitumen | E27: PJ
B28: NRG | C28: Ethy_and_Prop | D28: Ethy and Prop | E28: PJ
B29: NRG | C29: NLG | D29: Natural Liquid Gas | E29: PJ
... B39: NRG | C39: OTHER | D39: OTHER | E39: PJ

Sheet EMI
B2: Emission factor per chemical energy unit of fuel
C4: ~PRCCOMEMI
B5: TechName | C5: CommName | D5: OILGAS | E5: NLG | G5: <- Fuel Name as Column Header
B6: \I: Technology Name | C6: Commodity Name (Pollutant) | D6: Emission factor [kt/PJ]
B7: =SEC_Processes!D12 -> ELE_EX_IGCC_NLG | C7: CO2 | E7: 56
B8: =SEC_Processes!D13 -> ELE_EX_OILGAS | C8: CO2 | D8: 112
B9: =SEC_Processes!#REF! -> #REF! | C9: CO2
